trial_id,kind,val_pr_auc,best_iteration,train_seconds,feature_count,xgb_n_estimators,xgb_learning_rate,xgb_max_depth,xgb_min_child_weight,xgb_subsample,xgb_colsample_bytree,gnn_hidden_dim,gnn_emb_dim,gnn_epochs,gnn_lr,gnn_weight_decay,gnn_dropout,gnn_edge_mode,gnn_node_feature_mode,gnn_wallet_label_mode
1,BASE,0.8284888357256778,25,0.19969509996008128,15,400,0.03,4,3,0.8,0.8,,,,,,,,,
2,BASE,0.8542191700012141,96,0.14004700002260506,15,400,0.03,4,3,0.8,1.0,,,,,,,,,
3,BASE,0.8961133069828722,25,0.07111349992919713,15,400,0.03,4,3,1.0,0.8,,,,,,,,,
4,BASE,0.8573159038300402,116,0.1282076999777928,15,400,0.03,4,3,1.0,1.0,,,,,,,,,
5,BASE,0.8274727424740398,27,0.06286710000131279,15,400,0.03,4,5,0.8,0.8,,,,,,,,,
6,BASE,0.7629935920209476,29,0.07487140002194792,15,400,0.03,4,5,0.8,1.0,,,,,,,,,
7,BASE,0.8787703207365718,25,0.060456200037151575,15,400,0.03,4,5,1.0,0.8,,,,,,,,,
8,BASE,0.8615965291608221,119,0.12692360009532422,15,400,0.03,4,5,1.0,1.0,,,,,,,,,
9,BASE,0.8896062036305161,30,0.08479430002626032,15,400,0.03,6,3,0.8,0.8,,,,,,,,,
10,BASE,0.8599145128080101,29,0.0786354000447318,15,400,0.03,6,3,0.8,1.0,,,,,,,,,
11,BASE,0.890242010016991,26,0.07918930007144809,15,400,0.03,6,3,1.0,0.8,,,,,,,,,
12,BASE,0.832507883875665,13,0.06200209993403405,15,400,0.03,6,3,1.0,1.0,,,,,,,,,
13,BASE,0.838603321005585,9,0.062198299914598465,15,400,0.03,6,5,0.8,0.8,,,,,,,,,
14,BASE,0.8294990723562152,9,0.0711567000253126,15,400,0.03,6,5,0.8,1.0,,,,,,,,,
15,BASE,0.8731902356902357,20,0.08353870001155883,15,400,0.03,6,5,1.0,0.8,,,,,,,,,
16,BASE,0.832507883875665,13,0.07827749999705702,15,400,0.03,6,5,1.0,1.0,,,,,,,,,
17,BASE,0.8068666818679793,25,0.07154320005793124,15,400,0.05,4,3,0.8,0.8,,,,,,,,,
18,BASE,0.8530543401768503,58,0.09663689997978508,15,400,0.05,4,3,0.8,1.0,,,,,,,,,
19,BASE,0.8860835056359635,25,0.0615698000183329,15,400,0.05,4,3,1.0,0.8,,,,,,,,,
20,BASE,0.8480811318679954,71,0.0955122000304982,15,400,0.05,4,3,1.0,1.0,,,,,,,,,
21,BASE,0.8184798605748806,71,0.09845980000682175,15,400,0.05,4,5,0.8,0.8,,,,,,,,,
22,BASE,0.8490392685555189,68,0.1020847000181675,15,400,0.05,4,5,0.8,1.0,,,,,,,,,
23,BASE,0.8587121212121213,23,0.06843390001449734,15,400,0.05,4,5,1.0,0.8,,,,,,,,,
24,BASE,0.8372635636513861,72,0.09460630000103265,15,400,0.05,4,5,1.0,1.0,,,,,,,,,
25,BASE,0.854491661840016,26,0.08473260002210736,15,400,0.05,6,3,0.8,0.8,,,,,,,,,
26,BASE,0.8641209571205338,71,0.15217769995797426,15,400,0.05,6,3,0.8,1.0,,,,,,,,,
27,BASE,0.8930215319366597,25,0.08932739996816963,15,400,0.05,6,3,1.0,0.8,,,,,,,,,
28,BASE,0.832507883875665,8,0.07070170005317777,15,400,0.05,6,3,1.0,1.0,,,,,,,,,
29,BASE,0.838603321005585,9,0.06442710000555962,15,400,0.05,6,5,0.8,0.8,,,,,,,,,
30,BASE,0.8512305973735012,26,0.080005900003016,15,400,0.05,6,5,0.8,1.0,,,,,,,,,
31,BASE,0.8731902356902357,20,0.07408310007303953,15,400,0.05,6,5,1.0,0.8,,,,,,,,,
32,BASE,0.875277863401464,66,0.11030119995120913,15,400,0.05,6,5,1.0,1.0,,,,,,,,,
33,BASE,0.8284888357256778,25,0.07195350003894418,15,600,0.03,4,3,0.8,0.8,,,,,,,,,
34,BASE,0.8542191700012141,96,0.12866839999333024,15,600,0.03,4,3,0.8,1.0,,,,,,,,,
35,BASE,0.8961133069828722,25,0.06451520009431988,15,600,0.03,4,3,1.0,0.8,,,,,,,,,
36,BASE,0.8573159038300402,116,0.12586399994324893,15,600,0.03,4,3,1.0,1.0,,,,,,,,,
37,BASE,0.8274727424740398,27,0.0682647000066936,15,600,0.03,4,5,0.8,0.8,,,,,,,,,
38,BASE,0.7629935920209476,29,0.07072600000537932,15,600,0.03,4,5,0.8,1.0,,,,,,,,,
39,BASE,0.8787703207365718,25,0.06344920000992715,15,600,0.03,4,5,1.0,0.8,,,,,,,,,
40,BASE,0.8615965291608221,119,0.12540059990715235,15,600,0.03,4,5,1.0,1.0,,,,,,,,,
41,BASE,0.8896062036305161,30,0.07703589997254312,15,600,0.03,6,3,0.8,0.8,,,,,,,,,
42,BASE,0.8599145128080101,29,0.08066880004480481,15,600,0.03,6,3,0.8,1.0,,,,,,,,,
43,BASE,0.890242010016991,26,0.07444609992671758,15,600,0.03,6,3,1.0,0.8,,,,,,,,,
44,BASE,0.832507883875665,13,0.0655830999603495,15,600,0.03,6,3,1.0,1.0,,,,,,,,,
45,BASE,0.838603321005585,9,0.06097549991682172,15,600,0.03,6,5,0.8,0.8,,,,,,,,,
46,BASE,0.8294990723562152,9,0.0635245000012219,15,600,0.03,6,5,0.8,1.0,,,,,,,,,
47,BASE,0.8731902356902357,20,0.06785159988794476,15,600,0.03,6,5,1.0,0.8,,,,,,,,,
48,BASE,0.832507883875665,13,0.062456200015731156,15,600,0.03,6,5,1.0,1.0,,,,,,,,,
49,BASE,0.8068666818679793,25,0.06491129996720701,15,600,0.05,4,3,0.8,0.8,,,,,,,,,
50,BASE,0.8530543401768503,58,0.09356289997231215,15,600,0.05,4,3,0.8,1.0,,,,,,,,,
51,BASE,0.8860835056359635,25,0.06462329998612404,15,600,0.05,4,3,1.0,0.8,,,,,,,,,
52,BASE,0.8480811318679954,71,0.0965491000097245,15,600,0.05,4,3,1.0,1.0,,,,,,,,,
53,BASE,0.8184798605748806,71,0.11012709990609437,15,600,0.05,4,5,0.8,0.8,,,,,,,,,
54,BASE,0.8490392685555189,68,0.10014049999881536,15,600,0.05,4,5,0.8,1.0,,,,,,,,,
55,BASE,0.8587121212121213,23,0.06284260004758835,15,600,0.05,4,5,1.0,0.8,,,,,,,,,
56,BASE,0.8372635636513861,72,0.09776209993287921,15,600,0.05,4,5,1.0,1.0,,,,,,,,,
57,BASE,0.854491661840016,26,0.08075530000496656,15,600,0.05,6,3,0.8,0.8,,,,,,,,,
58,BASE,0.8641209571205338,71,0.11428349989000708,15,600,0.05,6,3,0.8,1.0,,,,,,,,,
59,BASE,0.8930215319366597,25,0.07288560003507882,15,600,0.05,6,3,1.0,0.8,,,,,,,,,
60,BASE,0.832507883875665,8,0.05692000000271946,15,600,0.05,6,3,1.0,1.0,,,,,,,,,
61,BASE,0.838603321005585,9,0.06122889998368919,15,600,0.05,6,5,0.8,0.8,,,,,,,,,
62,BASE,0.8512305973735012,26,0.07631699997000396,15,600,0.05,6,5,0.8,1.0,,,,,,,,,
63,BASE,0.8731902356902357,20,0.06869980006013066,15,600,0.05,6,5,1.0,0.8,,,,,,,,,
64,BASE,0.875277863401464,66,0.10698359995149076,15,600,0.05,6,5,1.0,1.0,,,,,,,,,
65,GNN,0.5982683982683983,0,1.0656483001075685,79,600,0.03,6,5,1.0,1.0,32.0,32.0,240.0,0.01,0.0001,0.0,directed,deg+pagerank,any_pos
66,GNN,0.7086519341050469,58,1.2630947000579908,79,600,0.05,4,5,0.8,0.8,32.0,32.0,240.0,0.003,1e-05,0.0,bidirectional,deg+pagerank,sender_pos_only
67,GNN,0.7256078224101479,52,1.3172417999012396,47,400,0.05,4,5,0.8,0.8,64.0,16.0,120.0,0.01,0.0001,0.2,bidirectional,deg+pagerank,any_pos
68,GNN,0.6806273766760089,51,0.4914322999538854,47,600,0.03,4,3,1.0,1.0,32.0,16.0,60.0,0.01,0.0001,0.2,bidirectional,deg,sender_pos_only
69,GNN,0.6949799682718938,29,3.0724381000036374,79,600,0.05,4,3,0.8,1.0,64.0,32.0,240.0,0.01,0.0001,0.2,directed,deg+pagerank,sender_pos_only
70,GNN,0.7406374289491173,68,0.47213010012637824,47,600,0.05,6,3,0.8,1.0,16.0,16.0,60.0,0.01,0.0001,0.2,directed,deg+pagerank,sender_pos_only
71,GNN,0.7260674931129476,42,1.3259822999825701,79,600,0.05,6,3,0.8,1.0,64.0,32.0,120.0,0.01,1e-05,0.2,directed,deg,any_pos
72,GNN,0.7256423230449205,10,2.333909299923107,47,400,0.03,4,5,0.8,0.8,64.0,16.0,240.0,0.01,0.0001,0.2,directed,deg+pagerank,any_pos
73,GNN,0.7420431174583999,85,0.42876350006554276,31,600,0.05,6,3,1.0,1.0,16.0,8.0,60.0,0.01,0.0001,0.2,directed,deg+pagerank,any_pos
74,GNN,0.6982932280328541,61,0.7076497999951243,31,600,0.05,4,5,0.8,1.0,64.0,8.0,120.0,0.003,0.0001,0.0,bidirectional,deg,sender_pos_only
75,GNN,0.717391304347826,2,0.3002204999793321,47,400,0.05,6,5,1.0,0.8,32.0,16.0,60.0,0.003,1e-05,0.0,directed,deg,sender_pos_only
76,GNN,0.8238057757538277,21,0.36003599991090596,47,400,0.03,6,5,0.8,0.8,16.0,16.0,60.0,0.003,0.0001,0.2,directed,deg,sender_pos_only
77,GNN,0.7333333333333333,48,1.199407699983567,79,600,0.03,4,3,1.0,0.8,64.0,32.0,240.0,0.003,0.0001,0.0,directed,deg+pagerank,sender_pos_only
78,GNN,0.6348683910728181,62,1.3908132000360638,47,400,0.05,6,5,0.8,1.0,64.0,16.0,240.0,0.003,0.0001,0.0,bidirectional,deg,sender_pos_only
79,GNN,0.7244002912476422,82,1.1868338999338448,79,400,0.05,6,5,0.8,1.0,32.0,32.0,120.0,0.01,0.0001,0.2,bidirectional,deg,any_pos
80,GNN,0.7333333333333333,41,0.3577311000553891,31,400,0.03,4,5,1.0,0.8,16.0,8.0,60.0,0.01,1e-05,0.2,directed,deg,sender_pos_only
81,GNN,0.7021276595744681,7,0.7304077000590041,79,600,0.05,4,5,1.0,0.8,64.0,32.0,60.0,0.01,1e-05,0.2,bidirectional,deg,sender_pos_only
82,GNN,0.7108388853069705,28,1.2583203000249341,31,600,0.03,6,3,0.8,0.8,32.0,8.0,240.0,0.003,1e-05,0.2,directed,deg+pagerank,any_pos
83,GNN,0.6806273766760089,23,0.9161440000170842,31,600,0.03,6,3,1.0,1.0,64.0,8.0,120.0,0.003,1e-05,0.2,directed,deg,any_pos
84,GNN,0.7429115499377746,35,0.9992646998725832,31,600,0.05,6,5,1.0,0.8,16.0,8.0,240.0,0.01,0.0001,0.2,directed,deg+pagerank,any_pos
85,GNN,0.630013566810242,27,0.8785531000467017,79,400,0.03,6,3,0.8,0.8,16.0,32.0,240.0,0.01,1e-05,0.0,directed,deg,any_pos
86,GNN,0.7256423230449205,71,0.6217026999220252,31,600,0.03,6,5,1.0,1.0,16.0,8.0,120.0,0.01,1e-05,0.2,directed,deg,sender_pos_only
87,GNN,0.7021276595744681,7,0.7183508999878541,79,600,0.05,4,3,1.0,0.8,64.0,32.0,60.0,0.01,0.0001,0.0,bidirectional,deg+pagerank,sender_pos_only
88,GNN,0.8220686067639646,61,0.5518664000555873,79,600,0.03,4,3,1.0,0.8,64.0,32.0,60.0,0.003,1e-05,0.0,bidirectional,deg+pagerank,any_pos
89,GNN,0.6949799682718938,8,0.330558400019072,31,400,0.03,4,5,0.8,0.8,32.0,8.0,60.0,0.003,0.0001,0.0,bidirectional,deg,sender_pos_only
90,GNN,0.6633550329064782,39,1.527884199982509,47,600,0.03,6,3,0.8,1.0,64.0,16.0,240.0,0.003,0.0001,0.0,bidirectional,deg+pagerank,any_pos
91,GNN,0.7254328196377469,48,0.5927916001528502,79,600,0.05,4,3,1.0,0.8,16.0,32.0,120.0,0.01,1e-05,0.0,bidirectional,deg,sender_pos_only
92,GNN,0.6456061871497584,73,0.8516535998787731,79,600,0.05,6,3,1.0,1.0,16.0,32.0,120.0,0.01,1e-05,0.2,bidirectional,deg,any_pos
93,GNN,0.717391304347826,10,0.5069538000971079,47,400,0.03,4,3,1.0,0.8,64.0,16.0,60.0,0.01,1e-05,0.2,directed,deg+pagerank,sender_pos_only
94,GNN,0.7256423230449205,43,1.0297281999373809,47,400,0.05,6,5,1.0,1.0,64.0,16.0,240.0,0.003,1e-05,0.0,directed,deg,sender_pos_only
95,GNN,0.673469387755102,0,0.3024994999868795,47,400,0.03,6,5,0.8,0.8,32.0,16.0,60.0,0.003,0.0001,0.0,directed,deg,any_pos
96,GNN,0.6806273766760089,28,0.5301980000222102,79,600,0.03,6,5,0.8,1.0,64.0,32.0,60.0,0.003,1e-05,0.0,bidirectional,deg+pagerank,sender_pos_only
97,GNN,0.7021276595744681,0,0.5038159999530762,31,400,0.05,6,5,0.8,0.8,16.0,8.0,120.0,0.01,0.0001,0.2,directed,deg,any_pos
98,GNN,0.7420431174583999,10,2.364036299986765,47,400,0.03,6,5,0.8,0.8,64.0,16.0,240.0,0.01,0.0001,0.2,directed,deg+pagerank,sender_pos_only
99,GNN,0.7420431174583999,82,0.43351140001323074,31,400,0.05,6,3,1.0,1.0,64.0,8.0,60.0,0.01,0.0001,0.0,directed,deg,sender_pos_only
100,GNN,0.7240702479338843,63,0.5643548000371084,47,600,0.05,4,3,0.8,1.0,32.0,16.0,120.0,0.01,1e-05,0.0,directed,deg,any_pos
101,GNN,0.7420431174583999,71,0.9847637000493705,31,400,0.05,4,5,1.0,1.0,64.0,8.0,120.0,0.003,0.0001,0.2,directed,deg+pagerank,sender_pos_only
102,GNN,0.7021276595744681,1,0.5382440000539646,47,400,0.05,6,5,0.8,0.8,64.0,16.0,60.0,0.01,0.0001,0.0,bidirectional,deg+pagerank,sender_pos_only
103,GNN,0.6806273766760089,50,1.3632773001445457,79,600,0.03,6,3,1.0,1.0,64.0,32.0,120.0,0.003,1e-05,0.2,bidirectional,deg+pagerank,any_pos
104,GNN,0.6691486023298787,127,0.7108630000147969,79,600,0.03,6,5,1.0,1.0,32.0,32.0,60.0,0.003,0.0001,0.0,bidirectional,deg+pagerank,any_pos
105,GNN,0.7236450778658571,58,0.7056973000289872,79,400,0.03,4,5,0.8,1.0,64.0,32.0,60.0,0.003,1e-05,0.2,directed,deg,sender_pos_only
106,GNN,0.646199456571797,0,0.46849539992399514,31,400,0.05,6,5,1.0,0.8,16.0,8.0,120.0,0.003,0.0001,0.0,bidirectional,deg+pagerank,any_pos
107,GNN,0.6458100417884244,2,0.6567899000365287,47,400,0.05,6,5,0.8,0.8,64.0,16.0,120.0,0.003,1e-05,0.0,bidirectional,deg,any_pos
108,GNN,0.673469387755102,0,0.6416147000854835,79,400,0.05,6,3,1.0,0.8,16.0,32.0,120.0,0.01,0.0001,0.2,directed,deg,any_pos
109,GNN,0.7021276595744681,0,0.3922201000386849,31,400,0.05,6,5,0.8,0.8,32.0,8.0,60.0,0.01,0.0001,0.2,directed,deg,sender_pos_only
110,GNN,0.6949799682718938,8,1.0925954000558704,31,400,0.03,4,5,0.8,0.8,16.0,8.0,240.0,0.003,1e-05,0.2,bidirectional,deg+pagerank,sender_pos_only
111,GNN,0.7178866851756462,66,0.617273599957116,79,600,0.05,4,5,1.0,0.8,64.0,32.0,60.0,0.01,1e-05,0.0,bidirectional,deg+pagerank,any_pos
112,GNN,0.6904305960282284,55,0.6717958999797702,31,400,0.05,4,3,0.8,1.0,64.0,8.0,120.0,0.003,1e-05,0.0,bidirectional,deg,sender_pos_only
113,GNN,0.7066362982739289,58,0.7055384999839589,31,400,0.03,4,5,0.8,1.0,64.0,8.0,120.0,0.003,1e-05,0.0,bidirectional,deg+pagerank,sender_pos_only
114,GNN,0.673469387755102,0,0.44706199993379414,79,400,0.03,6,3,1.0,0.8,32.0,32.0,60.0,0.003,0.0001,0.2,directed,deg+pagerank,sender_pos_only
115,GNN,0.710395622895623,62,0.6516091000521556,31,600,0.03,4,3,0.8,1.0,64.0,8.0,60.0,0.003,1e-05,0.2,bidirectional,deg+pagerank,any_pos
116,GNN,0.7254602178645545,79,0.6041339999064803,31,400,0.05,4,5,1.0,0.8,64.0,8.0,60.0,0.003,0.0001,0.2,bidirectional,deg,any_pos
117,GNN,0.673469387755102,0,0.5307852999540046,79,600,0.03,6,5,0.8,0.8,32.0,32.0,120.0,0.003,0.0001,0.0,directed,deg+pagerank,sender_pos_only
118,GNN,0.6720395443799698,2,0.5936066000722349,47,600,0.05,6,3,0.8,0.8,64.0,16.0,60.0,0.01,1e-05,0.2,bidirectional,deg,sender_pos_only
119,GNN,0.8229731359265899,68,1.189411000115797,79,600,0.05,4,5,0.8,0.8,64.0,32.0,120.0,0.01,1e-05,0.2,directed,deg,sender_pos_only
120,GNN,0.710395622895623,29,0.3285659998655319,31,600,0.05,4,3,0.8,0.8,64.0,8.0,60.0,0.01,1e-05,0.0,directed,deg,any_pos
121,GNN,0.7256423230449205,19,0.9324985999846831,47,600,0.03,4,3,0.8,0.8,64.0,16.0,120.0,0.003,0.0001,0.2,directed,deg,any_pos
122,GNN,0.6806273766760089,36,0.4648275999352336,47,400,0.05,4,5,1.0,1.0,32.0,16.0,60.0,0.003,0.0001,0.2,bidirectional,deg+pagerank,any_pos
123,GNN,0.6806273766760089,23,0.3334961000364274,31,400,0.03,6,3,1.0,1.0,64.0,8.0,60.0,0.003,0.0001,0.0,directed,deg+pagerank,any_pos
124,GNN,0.6954051383399209,15,0.5915827000280842,79,600,0.05,4,3,0.8,0.8,32.0,32.0,120.0,0.01,0.0001,0.0,directed,deg+pagerank,sender_pos_only
125,GNN,0.7256423230449205,31,0.6425197999924421,79,600,0.05,6,5,0.8,1.0,64.0,32.0,60.0,0.01,1e-05,0.2,directed,deg+pagerank,sender_pos_only
126,GNN,0.673469387755102,0,1.1334465000545606,31,400,0.05,6,3,0.8,1.0,64.0,8.0,240.0,0.003,1e-05,0.0,bidirectional,deg,any_pos
127,GNN,0.7283270889706679,82,0.780274499906227,79,400,0.05,4,5,1.0,1.0,16.0,32.0,120.0,0.01,1e-05,0.2,bidirectional,deg,any_pos
128,GNN,0.8224791460214369,92,0.8595247999764979,47,600,0.05,4,3,0.8,1.0,64.0,16.0,60.0,0.01,1e-05,0.2,bidirectional,deg+pagerank,any_pos
129,GNN,0.742468287526427,58,0.4048973999451846,31,600,0.03,4,3,0.8,0.8,16.0,8.0,60.0,0.003,1e-05,0.2,directed,deg+pagerank,sender_pos_only
130,GNN,0.6664646464646464,3,0.7823205000022426,47,400,0.03,4,5,0.8,1.0,32.0,16.0,120.0,0.003,0.0001,0.2,directed,deg+pagerank,any_pos
131,GNN,0.7615458134938654,21,1.1051257001236081,47,400,0.05,6,5,0.8,0.8,32.0,16.0,120.0,0.01,0.0001,0.2,bidirectional,deg,any_pos
132,GNN,0.717391304347826,2,0.9857267000479624,47,600,0.03,6,5,0.8,0.8,64.0,16.0,120.0,0.003,1e-05,0.2,directed,deg,sender_pos_only
133,GNN,0.673469387755102,0,1.7179934000596404,47,400,0.03,6,3,0.8,1.0,64.0,16.0,240.0,0.01,1e-05,0.0,bidirectional,deg,any_pos
134,GNN,0.7021276595744681,0,0.645983999944292,31,600,0.05,6,5,1.0,0.8,32.0,8.0,120.0,0.01,0.0001,0.2,directed,deg,sender_pos_only
135,GNN,0.717391304347826,2,0.8760646999580786,47,400,0.03,6,5,1.0,0.8,32.0,16.0,240.0,0.01,1e-05,0.0,directed,deg,any_pos
136,GNN,0.6904313767667805,58,0.7881589001044631,31,400,0.05,4,5,1.0,1.0,64.0,8.0,120.0,0.003,1e-05,0.0,bidirectional,deg+pagerank,any_pos
137,GNN,0.6806273766760089,23,0.656234800000675,31,600,0.03,6,3,1.0,1.0,32.0,8.0,120.0,0.003,1e-05,0.2,directed,deg+pagerank,any_pos
138,GNN,0.7021276595744681,2,0.5820933999493718,47,600,0.05,4,3,0.8,0.8,32.0,16.0,120.0,0.01,1e-05,0.0,bidirectional,deg,any_pos
139,GNN,0.8282554754508333,40,0.8335683000041172,47,400,0.03,6,3,0.8,0.8,16.0,16.0,240.0,0.003,0.0001,0.0,directed,deg,any_pos
140,GNN,0.7691297901494916,140,1.2334590000100434,47,600,0.03,6,3,0.8,1.0,16.0,16.0,240.0,0.003,1e-05,0.0,bidirectional,deg+pagerank,any_pos
